Depuis,Vers,Cible quefairedemesdechets.fr (id de page),
/-plan-du-site,/old-anciennes-pages/-plan-du-site/,483,
/accessibilit%C3%A9-de-nos-outils/,,483,
/accessibilite,/old-anciennes-pages/accessibilite/,483,https://quefairedemesdechets.ademe.fr/
/acteurs-references-que-faire-de-mes-objets-kit-com,/old-anciennes-pages/mois-vrac-remploi-que-faire-de-mes-objets/,399,https://quefairedemesdechets.ademe.fr/nos-outils/kit-communication/
/acteurs-references-que-faire-de-mes-objets-kit-com-1,/acteurs-references-que-faire-de-mes-objets-kit-com/,399,https://quefairedemesdechets.ademe.fr/nos-outils/kit-communication/
/assistant/,,483,
/base-de-donnees-ouvertes/,,385,
/bonus-reparation,https://quefairedemesobjets.ademe.fr/bonus-reparation/,3,https://quefairedemesdechets.ademe.fr/bonus-reparation/
/budget/,,483,
/carte-bonus-reparation-france/,,3,https://quefairedemesdechets.ademe.fr/bonus-reparation/
/carte-don-objets-seconde-main-ressourceries-association/,,438,
/carte-economie-circulaire-corse,/old-anciennes-pages/carte-economie-circulaire-corse/,438,https://quefairedemesdechets.ademe.fr/nos-outils/carte-consommation-responsable/
/carte-petits-extincteurs-france,/old-anciennes-pages/carte-petits-extincteurs-france/,438,
/carte-reemploi-recyclage-reparation-martinique,/old-anciennes-pages/carte-reemploi-recyclage-reparation-martinique/,438,
/carte-reemploi-reparation-agglo-montpellier,/old-anciennes-pages/carte-reemploi-reparation-agglo-montpellier/,438,
/carte-reemploi-reparation-agglo-saintes,/old-anciennes-pages/carte-reemploi-reparation-agglo-saintes/,438,
/carte-reemploi-reparation-aix-marseille-provence,/old-anciennes-pages/carte-reemploi-reparation-aix-marseille-provence/,438,
/carte-reemploi-reparation-aura,/old-anciennes-pages/carte-reemploi-reparation-aura/,438,
/carte-reemploi-reparation-bayeux,/old-anciennes-pages/carte-reemploi-reparation-bayeux/,438,
/carte-reemploi-reparation-beaugeois-vallee,/old-anciennes-pages/carte-reemploi-reparation-beaugeois-vallee/,438,
/carte-reemploi-reparation-beauvais,/old-anciennes-pages/carte-reemploi-reparation-beauvais/,438,
/carte-reemploi-reparation-bfc,/old-anciennes-pages/carte-reemploi-reparation-bfc/,438,
/carte-reemploi-reparation-boulogne-billancourt,/old-anciennes-pages/carte-reemploi-reparation-boulogne-billancourt/,438,
/carte-reemploi-reparation-brest-metropole,/old-anciennes-pages/carte-reemploi-reparation-brest-metropole/,438,
/carte-reemploi-reparation-bretagne,/old-anciennes-pages/carte-reemploi-reparation-bretagne/,438,
/carte-reemploi-reparation-capatlantique,/old-anciennes-pages/carte-reemploi-reparation-capatlantique/,438,
/carte-reemploi-reparation-ccsa,/old-anciennes-pages/carte-reemploi-reparation-ccsa/,438,
/carte-reemploi-reparation-ccvo3f,/old-anciennes-pages/carte-reemploi-reparation-ccvo3f/,438,
/carte-reemploi-reparation-centre-val-de-loire,/old-anciennes-pages/carte-reemploi-reparation-centre-val-de-loire/,438,
/carte-reemploi-reparation-cholet,/old-anciennes-pages/carte-reemploi-reparation-cholet/,438,
/carte-reemploi-reparation-communaute-agglomeration-centre-martinique,/old-anciennes-pages/carte-reemploi-reparation-communaute-agglomeration-centre-martinique/,438,
/carte-reemploi-reparation-epinal,/old-anciennes-pages/carte-reemploi-reparation-epinal/,438,
/carte-reemploi-reparation-france/,,438,
/carte-reemploi-reparation-grand-chalon,/old-anciennes-pages/carte-reemploi-reparation-grand-chalon/,438,
/carte-reemploi-reparation-grand-chambery,/old-anciennes-pages/carte-reemploi-reparation-grand-chambery/,438,
/carte-reemploi-reparation-grand-lac,/old-anciennes-pages/carte-reemploi-reparation-grand-lac/,438,
/carte-reemploi-reparation-grand-paris,/old-anciennes-pages/carte-reemploi-reparation-grand-paris/,438,
/carte-reemploi-reparation-guingamp-paimpol,/old-anciennes-pages/carte-reemploi-reparation-guingamp-paimpol/,438,
/carte-reemploi-reparation-guyane,/old-anciennes-pages/carte-reemploi-reparation-guyane/,438,
/carte-reemploi-reparation-hdf,/old-anciennes-pages/carte-reemploi-reparation-hdf/,438,
/carte-reemploi-reparation-idf,/carte-reemploi-reparation-idf/,438,
/carte-reemploi-reparation-ille-et-vilaine,/old-anciennes-pages/carte-reemploi-reparation-ille-et-vilaine/,438,
/carte-reemploi-reparation-isere,/old-anciennes-pages/carte-reemploi-reparation-isere/,438,
/carte-reemploi-reparation-laval-agglo,/old-anciennes-pages/carte-reemploi-reparation-laval-agglo/,438,
/carte-reemploi-reparation-luneville,/old-anciennes-pages/carte-reemploi-reparation-luneville/,438,
/carte-reemploi-reparation-mauges-communaute,/old-anciennes-pages/carte-reemploi-reparation-mauges-communaute/,438,
/carte-reemploi-reparation-mayenne-communaute,/old-anciennes-pages/carte-reemploi-reparation-mayenne-communaute/,438,
/carte-reemploi-reparation-mont-saint-michel,/old-anciennes-pages/carte-reemploi-reparation-mont-saint-michel/,438,
/carte-reemploi-reparation-moselle-madon,/old-anciennes-pages/carte-reemploi-reparation-moselle-madon/,438,
/carte-reemploi-reparation-mutualisation-flers,/old-anciennes-pages/carte-reemploi-reparation-mutualisation-flers/,438,
/carte-reemploi-reparation-nord-ouest-perigueux,/old-anciennes-pages/carte-reemploi-reparation-nord-ouest-perigueux/,438,
/carte-reemploi-reparation-normandie,/old-anciennes-pages/carte-reemploi-reparation-normandie/,438,
/carte-reemploi-reparation-nouvelle-aquitaine,/old-anciennes-pages/carte-reemploi-reparation-nouvelle-aquitaine/,438,
/carte-reemploi-reparation-occitanie,/old-anciennes-pages/carte-reemploi-reparation-occitanie/,438,
/carte-reemploi-reparation-omdm,/old-anciennes-pages/carte-reemploi-reparation-omdm/,438,
/carte-reemploi-reparation-paca,/old-anciennes-pages/carte-reemploi-reparation-paca/,438,
/carte-reemploi-reparation-pays-basque,/old-anciennes-pages/carte-reemploi-reparation-pays-basque/,438,
/carte-reemploi-reparation-pays-de-la-loire,/old-anciennes-pages/carte-reemploi-reparation-pays-de-la-loire/,438,
/carte-reemploi-reparation-pays-sainte-odile,/old-anciennes-pages/carte-reemploi-reparation-pays-sainte-odile/,438,
/carte-reemploi-reparation-pemb,/old-anciennes-pages/carte-reemploi-reparation-pemb/,438,
/carte-reemploi-reparation-polynesie,/old-anciennes-pages/carte-reemploi-reparation-polynesie/,438,
/carte-reemploi-reparation-pontivy,/old-anciennes-pages/carte-reemploi-reparation-pontivy/,438,
/carte-reemploi-reparation-redon-agglom%C3%A9ration,/old-anciennes-pages/carte-reemploi-reparation-redon-agglom%C3%A9ration/,438,
/carte-reemploi-reparation-rodez-agglo,/old-anciennes-pages/carte-reemploi-reparation-rodez-agglo/,438,
/carte-reemploi-reparation-saint-cyr-mere-boitier,/old-anciennes-pages/carte-reemploi-reparation-saint-cyr-mere-boitier/,438,
/carte-reemploi-reparation-saint-malo-agglom%C3%A9ration,/old-anciennes-pages/carte-reemploi-reparation-saint-malo-agglom%C3%A9ration/,438,
/carte-reemploi-reparation-saint-mand%C3%A9,/old-anciennes-pages/carte-reemploi-reparation-saint-mand%C3%A9/,438,
/carte-reemploi-reparation-seine-saint-denis,/old-anciennes-pages/carte-reemploi-reparation-seine-saint-denis/,438,
/carte-reemploi-reparation-smitom-lombric,/old-anciennes-pages/carte-reemploi-reparation-smitom-lombric/,438,
/carte-reemploi-reparation-st-brieuc-armor-agglo,/old-anciennes-pages/carte-reemploi-reparation-st-brieuc-armor-agglo/,438,
/carte-reemploi-reparation-strasbourg,/old-anciennes-pages/carte-reemploi-reparation-strasbourg/,438,
/carte-reemploi-reparation-syndicat-emeraude,/old-anciennes-pages/carte-reemploi-reparation-syndicat-emeraude/,438,
/carte-reemploi-reparation-sytrad,/old-anciennes-pages/carte-reemploi-reparation-sytrad/,438,
/carte-reemploi-reparation-sytraival,/old-anciennes-pages/carte-reemploi-reparation-sytraival/,438,
/carte-reemploi-reparation-thouarsais,/old-anciennes-pages/carte-reemploi-reparation-thouarsais/,438,
/carte-reemploi-reparation-toulouse,/old-anciennes-pages/carte-reemploi-reparation-toulouse/,438,
/carte-reemploi-reparation-tours-metropole,/old-anciennes-pages/carte-reemploi-reparation-tours-metropole/,438,
/carte-reemploi-reparation-val-de-marne,/old-anciennes-pages/carte-reemploi-reparation-val-de-marne/,438,
/carte-reemploi-reparation-valence-romans-agglo,/old-anciennes-pages/carte-reemploi-reparation-valence-romans-agglo/,438,
/carte-reemploi-reparation-vallee-oise-trois-forets,/old-anciennes-pages/carte-reemploi-reparation-vallee-oise-trois-forets/,438,
/carte-reemploi-reparation-valtom-63,/old-anciennes-pages/carte-reemploi-reparation-valtom-63/,438,
/carte-reemploi-reparation-vierzon-sologne-berry,/old-anciennes-pages/carte-reemploi-reparation-vierzon-sologne-berry/,438,
/carte-remploi-reparation-rouen,/old-anciennes-pages/carte-remploi-reparation-rouen/,438,
/carte-seconde-main-aix-marseille-provence,/old-anciennes-pages/carte-seconde-main-aix-marseille-provence/,438,
/carte-seconde-main/,,438,
/carte-secondemain_pyrennes_orientales,/old-anciennes-pages/carte-secondemain_pyrennes_orientales/,438,
/cartes-regions,/old-anciennes-pages/cartes-regions/,438,
/cgu/,,483,
/configurateur,/,398,https://quefairedemesdechets.ademe.fr/nos-outils/
/decouvrir-nos-outils,/,398,https://quefairedemesdechets.ademe.fr/nos-outils/
/donnees-personnelles/,,483,
/donneespersonnelles,/donnees-personnelles/,483,
/draft-reutilisation,/base-de-donnees-ouvertes/,385,https://quefairedemesdechets.ademe.fr/nos-outils/donnees-ouvertes/
/equipe/,,433,https://quefairedemesdechets.ademe.fr/qui-sommes-nous/suivi-usage-et-impact/
/faq/,,483,
/la-carte-de-la-r%C3%A9paration-et-du-don-chavanon-combrailles-volcans,/old-anciennes-pages/la-carte-de-la-r%C3%A9paration-et-du-don-chavanon-combrailles-volcans/,438,
/la-carte-de-la-reparation-et-du-reemploi-beauvaisis,/old-anciennes-pages/la-carte-de-la-reparation-et-du-reemploi-beauvaisis/,438,
/la-carte-de-la-reparation-et-du-reemploi-billom-communaut%C3%A9,/old-anciennes-pages/la-carte-de-la-reparation-et-du-reemploi-billom-communaut%C3%A9/,438,
/la-carte-de-la-reparation-et-du-reemploi-coeur-coteaux-comminges,/old-anciennes-pages/la-carte-de-la-reparation-et-du-reemploi-coeur-coteaux-comminges/,438,
/la-carte-de-la-reparation-et-du-reemploi-grenoble-alpes-metropole,/old-anciennes-pages/la-carte-de-la-reparation-et-du-reemploi-grenoble-alpes-metropole/,438,
/la-carte-de-la-reparation-et-du-reemploi-haut-lignon,/old-anciennes-pages/la-carte-de-la-reparation-et-du-reemploi-haut-lignon/,438,
/la-carte-de-la-reparation-et-du-reemploi-haut-pays-velay,/old-anciennes-pages/la-carte-de-la-reparation-et-du-reemploi-haut-pays-velay/,438,
/la-carte-de-la-reparation-et-du-reemploi-herault,/old-anciennes-pages/la-carte-de-la-reparation-et-du-reemploi-herault/,438,
/la-carte-de-la-reparation-et-du-reemploi-loire-semene,/old-anciennes-pages/la-carte-de-la-reparation-et-du-reemploi-loire-semene/,438,
/la-carte-de-la-reparation-et-du-reemploi-loiret,/old-anciennes-pages/la-carte-de-la-reparation-et-du-reemploi-loiret/,438,
/la-carte-de-la-reparation-et-du-reemploi-marches-velay-rochebaron,/old-anciennes-pages/la-carte-de-la-reparation-et-du-reemploi-marches-velay-rochebaron/,438,
/la-carte-de-la-reparation-et-du-reemploi-pays-gex,/old-anciennes-pages/la-carte-de-la-reparation-et-du-reemploi-pays-gex/,438,
/la-carte-de-la-reparation-et-du-reemploi-smitom,/old-anciennes-pages/la-carte-de-la-reparation-et-du-reemploi-smitom/,438,
/la-carte-de-la-reparation-reemploi-grand-est,/old-anciennes-pages/la-carte-de-la-reparation-reemploi-grand-est/,438,
/la-carte-du-r%C3%A9emploi-de-la-r%C3%A9paration-%C3%A0-ambert-livadrois-forez,/old-anciennes-pages/la-carte-du-r%C3%A9emploi-de-la-r%C3%A9paration-%C3%A0-ambert-livadrois-forez/,438,
/la-carte-du-r%C3%A9emploi-de-la-r%C3%A9paration-%C3%A0-lyon,/old-anciennes-pages/la-carte-du-r%C3%A9emploi-de-la-r%C3%A9paration-%C3%A0-lyon/,438,
/la-carte-du-r%C3%A9emploi-et-de-la-r%C3%A9paration-%C3%A0-angers,/old-anciennes-pages/la-carte-du-r%C3%A9emploi-et-de-la-r%C3%A9paration-%C3%A0-angers/,438,
/la-carte-remploi-reparation-amiens,/old-anciennes-pages/la-carte-remploi-reparation-amiens/,438,
/la-carte-remploi-reparation-smedar,/old-anciennes-pages/la-carte-remploi-reparation-smedar/,438,
/lacarte/,,438,https://quefairedemesdechets.ademe.fr/nos-outils/carte-consommation-responsable/
/le-club,/old-anciennes-pages/le-club/,438,
/les-actualites/,,433,https://quefairedemesdechets.ademe.fr/qui-sommes-nous/suivi-usage-et-impact/
/mention-dinformation-concernant-le-club-usager-longue-vie-aux-objets,/old-anciennes-pages/mention-dinformation-concernant-le-club-usager-longue-vie-aux-objets/,483,
/mentions-legales/,,483,
/mentions-legales/r%C3%A8glement-jeu-concours-circularoulette,/mentions-legales/reglement-concours-circularoulette/,483,
/mentions-legales/reglement-concours-circularoulette/,,483,
/metabase,https://qfdmo-metabase.osc-secnum-fr1.scalingo.io/,,Ne pas rediriger
/mois-vrac-remploi-que-faire-de-mes-objets,/old-anciennes-pages/mois-vrac-remploi-que-faire-de-mes-objets/,447,https://quefairedemesdechets.ademe.fr/nos-outils/kit-communication/mois-vrac-remploi-que-faire-de-mes-objets/
/mois-vrac-remploi-que-faire-de-mes-objets-1,/old-anciennes-pages/mois-vrac-remploi-que-faire-de-mes-objets/,447,https://quefairedemesdechets.ademe.fr/nos-outils/kit-communication/mois-vrac-remploi-que-faire-de-mes-objets/
/navigateurs-supportes,/old-anciennes-pages/navigateurs-supportes/,483,
/nos-sources-de-donn%C3%A9es,/tests/nos-sources-de-donn%C3%A9es/,41,https://quefairedemesdechets.ademe.fr/sources-donnees/
/nos-sources-de-donn%C3%A9es/alf-association-des-ludoth%C3%A8ques-fran%C3%A7aises,/tests/nos-sources-de-donn%C3%A9es/alf-association-des-ludoth%C3%A8ques-fran%C3%A7aises/,41,https://quefairedemesdechets.ademe.fr/sources-donnees/
/nos-sources-de-donn%C3%A9es/carteco,/tests/nos-sources-de-donn%C3%A9es/carteco/,41,https://quefairedemesdechets.ademe.fr/sources-donnees/
/nos-sources-de-donn%C3%A9es/cma-chambre-de-m%C3%A9tiers-et-de-lartisanat,/tests/nos-sources-de-donn%C3%A9es/cma-chambre-de-m%C3%A9tiers-et-de-lartisanat/,41,https://quefairedemesdechets.ademe.fr/sources-donnees/
/nos-sources-de-donn%C3%A9es/crar-normandie,/tests/nos-sources-de-donn%C3%A9es/crar-normandie/,41,https://quefairedemesdechets.ademe.fr/sources-donnees/
/nos-sources-de-donnees/,,433,https://quefairedemesdechets.ademe.fr/qui-sommes-nous/suivi-usage-et-impact/
/old-anciennes-pages/carte-petits-extincteurs-france/,,438,
/old-anciennes-pages/carte-reemploi-recyclage-reparation-martinique/,,438,
/old-anciennes-pages/carte-reemploi-reparation-agglo-montpellier/,,438,
/old-anciennes-pages/carte-reemploi-reparation-agglo-saintes/,,438,
/old-anciennes-pages/carte-reemploi-reparation-aix-marseille-provence/,,438,
/old-anciennes-pages/carte-reemploi-reparation-aura/,,438,
/old-anciennes-pages/carte-reemploi-reparation-bayeux/,,438,
/old-anciennes-pages/carte-reemploi-reparation-beaugeois-vallee/,,438,
/old-anciennes-pages/carte-reemploi-reparation-beauvais/,,438,
/old-anciennes-pages/carte-reemploi-reparation-bfc/,,438,
/old-anciennes-pages/carte-reemploi-reparation-boulogne-billancourt/,,438,
/old-anciennes-pages/carte-reemploi-reparation-brest-metropole/,,438,
/old-anciennes-pages/carte-reemploi-reparation-bretagne/,,438,
/old-anciennes-pages/carte-reemploi-reparation-capatlantique/,,438,
/old-anciennes-pages/carte-reemploi-reparation-ccsa/,,438,
/old-anciennes-pages/carte-reemploi-reparation-ccvo3f/,,438,
/old-anciennes-pages/carte-reemploi-reparation-centre-val-de-loire/,,438,
/old-anciennes-pages/carte-reemploi-reparation-cholet/,,438,
/old-anciennes-pages/carte-reemploi-reparation-communaute-agglomeration-centre-martinique/,,438,
/old-anciennes-pages/carte-reemploi-reparation-epinal/,,438,
/old-anciennes-pages/carte-reemploi-reparation-grand-chalon/,,438,
/old-anciennes-pages/carte-reemploi-reparation-grand-chambery/,,438,
/old-anciennes-pages/carte-reemploi-reparation-grand-lac/,,438,
/old-anciennes-pages/carte-reemploi-reparation-grand-paris/,,438,
/old-anciennes-pages/carte-reemploi-reparation-guingamp-paimpol/,,438,
/old-anciennes-pages/carte-reemploi-reparation-guyane/,,438,
/old-anciennes-pages/carte-reemploi-reparation-hdf/,,438,
/old-anciennes-pages/carte-reemploi-reparation-idf,/carte-reemploi-reparation-idf/,438,
/old-anciennes-pages/carte-reemploi-reparation-ille-et-vilaine/,,438,
/old-anciennes-pages/carte-reemploi-reparation-isere/,,438,
/old-anciennes-pages/carte-reemploi-reparation-laval-agglo/,,438,
/old-anciennes-pages/carte-reemploi-reparation-luneville/,,438,
/old-anciennes-pages/carte-reemploi-reparation-mauges-communaute/,,438,
/old-anciennes-pages/carte-reemploi-reparation-mayenne-communaute/,,438,
/old-anciennes-pages/carte-reemploi-reparation-mont-saint-michel/,,438,
/old-anciennes-pages/carte-reemploi-reparation-moselle-madon/,,438,
/old-anciennes-pages/carte-reemploi-reparation-mutualisation-flers/,,438,
/old-anciennes-pages/carte-reemploi-reparation-nord-ouest-perigueux/,,438,
/old-anciennes-pages/carte-reemploi-reparation-normandie/,,438,
/old-anciennes-pages/carte-reemploi-reparation-nouvelle-aquitaine/,,438,
/old-anciennes-pages/carte-reemploi-reparation-occitanie/,,438,
/old-anciennes-pages/carte-reemploi-reparation-omdm/,,438,
/old-anciennes-pages/carte-reemploi-reparation-paca/,,438,
/old-anciennes-pages/carte-reemploi-reparation-pays-basque/,,438,
/old-anciennes-pages/carte-reemploi-reparation-pays-de-la-loire/,,438,
/old-anciennes-pages/carte-reemploi-reparation-pays-sainte-odile/,,438,
/old-anciennes-pages/carte-reemploi-reparation-pemb/,,438,
/old-anciennes-pages/carte-reemploi-reparation-polynesie/,,438,
/old-anciennes-pages/carte-reemploi-reparation-pontivy/,,438,
/old-anciennes-pages/carte-reemploi-reparation-redon-agglom%C3%A9ration/,,438,
/old-anciennes-pages/carte-reemploi-reparation-rodez-agglo/,,438,
/old-anciennes-pages/carte-reemploi-reparation-saint-cyr-mere-boitier/,,438,
/old-anciennes-pages/carte-reemploi-reparation-saint-malo-agglom%C3%A9ration/,,438,
/old-anciennes-pages/carte-reemploi-reparation-saint-mand%C3%A9/,,438,
/old-anciennes-pages/carte-reemploi-reparation-seine-saint-denis/,,438,
/old-anciennes-pages/carte-reemploi-reparation-smitom-lombric/,,438,
/old-anciennes-pages/carte-reemploi-reparation-st-brieuc-armor-agglo/,,438,
/old-anciennes-pages/carte-reemploi-reparation-strasbourg/,,438,
/old-anciennes-pages/carte-reemploi-reparation-syndicat-emeraude/,,438,
/old-anciennes-pages/carte-reemploi-reparation-sytrad/,,438,
/old-anciennes-pages/carte-reemploi-reparation-sytraival/,,438,
/old-anciennes-pages/carte-reemploi-reparation-thouarsais/,,438,
/old-anciennes-pages/carte-reemploi-reparation-toulouse/,,438,
/old-anciennes-pages/carte-reemploi-reparation-tours-metropole/,,438,
/old-anciennes-pages/carte-reemploi-reparation-val-de-marne/,,438,
/old-anciennes-pages/carte-reemploi-reparation-valence-romans-agglo/,,438,
/old-anciennes-pages/carte-reemploi-reparation-vallee-oise-trois-forets/,,438,
/old-anciennes-pages/carte-reemploi-reparation-valtom-63/,,438,
/old-anciennes-pages/carte-reemploi-reparation-vierzon-sologne-berry/,,438,
/old-anciennes-pages/carte-remploi-reparation-rouen/,,438,
/old-anciennes-pages/carte-seconde-main-aix-marseille-provence/,,438,
/old-anciennes-pages/carte-secondemain_pyrennes_orientales/,,438,
/old-anciennes-pages/cartes-regions/,,438,
/old-anciennes-pages/configurateur,/,483,
/old-anciennes-pages/la-carte-de-la-r%C3%A9paration-et-du-don-chavanon-combrailles-volcans/,,438,
/old-anciennes-pages/la-carte-de-la-reparation-et-du-reemploi-beauvaisis/,,438,
/old-anciennes-pages/la-carte-de-la-reparation-et-du-reemploi-billom-communaut%C3%A9/,,438,
/old-anciennes-pages/la-carte-de-la-reparation-et-du-reemploi-coeur-coteaux-comminges/,,438,
/old-anciennes-pages/la-carte-de-la-reparation-et-du-reemploi-grenoble-alpes-metropole/,,438,
/old-anciennes-pages/la-carte-de-la-reparation-et-du-reemploi-haut-lignon/,,438,
/old-anciennes-pages/la-carte-de-la-reparation-et-du-reemploi-haut-pays-velay/,,438,
/old-anciennes-pages/la-carte-de-la-reparation-et-du-reemploi-herault/,,438,
/old-anciennes-pages/la-carte-de-la-reparation-et-du-reemploi-loire-semene/,,438,
/old-anciennes-pages/la-carte-de-la-reparation-et-du-reemploi-loiret/,,438,
/old-anciennes-pages/la-carte-de-la-reparation-et-du-reemploi-marches-velay-rochebaron/,,438,
/old-anciennes-pages/la-carte-de-la-reparation-et-du-reemploi-pays-gex/,,438,
/old-anciennes-pages/la-carte-de-la-reparation-et-du-reemploi-smitom/,,438,
/old-anciennes-pages/la-carte-de-la-reparation-reemploi-grand-est/,,438,
/old-anciennes-pages/la-carte-du-r%C3%A9emploi-de-la-r%C3%A9paration-%C3%A0-ambert-livadrois-forez/,,438,
/old-anciennes-pages/la-carte-du-r%C3%A9emploi-de-la-r%C3%A9paration-%C3%A0-lyon/,,438,
/old-anciennes-pages/la-carte-du-r%C3%A9emploi-et-de-la-r%C3%A9paration-%C3%A0-angers/,,438,
/old-anciennes-pages/la-carte-remploi-reparation-amiens/,,438,
/old-anciennes-pages/la-carte-remploi-reparation-smedar/,,438,
/old-anciennes-pages/mois-vrac-remploi-que-faire-de-mes-objets/,,447,https://quefairedemesdechets.ademe.fr/nos-outils/kit-communication/mois-vrac-remploi-que-faire-de-mes-objets/
/plan-du-site,/old-anciennes-pages/-plan-du-site/,483,
/reemploi-reparation-coeur-cote-fleurie,/old-anciennes-pages/reemploi-reparation-coeur-cote-fleurie/,438,
/reemploi-reparation-mutualisation-bordeaux,/old-anciennes-pages/reemploi-reparation-mutualisation-bordeaux/,438,
/reemploi-reparation-mutualisation-g4dec,/old-anciennes-pages/reemploi-reparation-mutualisation-g4dec/,438,
/reemploi-reparation-val-es-dunes,/old-anciennes-pages/reemploi-reparation-val-es-dunes/,438,
/reparation-don-mutualisation-cap-excellence,/old-anciennes-pages/reparation-don-mutualisation-cap-excellence/,438,
/reparation-reemploi-3cag,/old-anciennes-pages/reparation-reemploi-3cag/,438,
/reparation-reemploi-bassin-pompey,/old-anciennes-pages/reparation-reemploi-bassin-pompey/,438,
/reparation-reemploi-causses-aubrac,/old-anciennes-pages/reparation-reemploi-causses-aubrac/,438,
/reparation-reemploi-flandres,/old-anciennes-pages/reparation-reemploi-flandres/,438,
/reparation-reemploi-grand-annecy,/old-anciennes-pages/reparation-reemploi-grand-annecy/,438,
/reparation-reemploi-grand-sud-82,/old-anciennes-pages/reparation-reemploi-grand-sud-82/,438,
/reparation-reemploi-grands-causses,/old-anciennes-pages/reparation-reemploi-grands-causses/,438,
/reparation-reemploi-guadeloupe,/old-anciennes-pages/reparation-reemploi-guadeloupe/,438,
/reparation-reemploi-la-rochelle,/old-anciennes-pages/reparation-reemploi-la-rochelle/,438,
/reparation-reemploi-roussillon-conflent,/old-anciennes-pages/reparation-reemploi-roussillon-conflent/,438,
/reparation-reemploi-saint-quentinois,/old-anciennes-pages/reparation-reemploi-saint-quentinois/,438,
/reparation-reemploi-sba-63,/old-anciennes-pages/reparation-reemploi-sba-63/,438,
/reparation-reemploi-setom,/old-anciennes-pages/reparation-reemploi-setom/,438,
/reparation-reemploi-sirtomad,/old-anciennes-pages/reparation-reemploi-sirtomad/,438,
/reparation-reemploi-sisteronnais-buech,/old-anciennes-pages/reparation-reemploi-sisteronnais-buech/,438,
/reparation-reemploi-sud-roussillon,/old-anciennes-pages/reparation-reemploi-sud-roussillon/,438,
/reparation-reemploi-syclum,/old-anciennes-pages/reparation-reemploi-syclum/,438,
/reparation-reemploi-thonon-agglom%C3%A9ration,/old-anciennes-pages/reparation-reemploi-thonon-agglom%C3%A9ration/,438,
/reparation-reemploi-troyes-champagne,/old-anciennes-pages/reparation-reemploi-troyes-champagne/,438,
/reparation-reemploi-val-yerres-val-seine,/old-anciennes-pages/reparation-reemploi-val-yerres-val-seine/,438,
/reutilisation-bdd,/base-de-donnees-ouvertes/,385,https://quefairedemesdechets.ademe.fr/nos-outils/donnees-ouvertes/
/reutiliser-nos-donnees,/old-anciennes-pages/reutiliser-nos-donnees/,385,https://quefairedemesdechets.ademe.fr/nos-outils/donnees-ouvertes/
/reutiliser-nos-donnees-draft,/old-anciennes-pages/reutiliser-nos-donnees-draft/,385,https://quefairedemesdechets.ademe.fr/nos-outils/donnees-ouvertes/
/reutiliser-nos-outils,/lacarte/,400,https://quefairedemesdechets.ademe.fr/je-suis-un-professionel/
/s%C3%A8vre-et-loire,/old-anciennes-pages/sevre-et-loire/,438,
/sevre-et-loire,/old-anciennes-pages/sevre-et-loire/,438,
/stats/,,433,https://quefairedemesdechets.ademe.fr/qui-sommes-nous/suivi-usage-et-impact/
/stats/details-assistant/,,483,
/stats/galette/,,433,https://quefairedemesdechets.ademe.fr/qui-sommes-nous/suivi-usage-et-impact/
/stats/matrice-dimpact,/stats/matrice-impact/,433,https://quefairedemesdechets.ademe.fr/qui-sommes-nous/suivi-usage-et-impact/
/stats/matrice-impact/,,483,
/template-landing-page,/acteurs-references-que-faire-de-mes-objets-kit-com/,447,https://quefairedemesdechets.ademe.fr/nos-outils/kit-communication/mois-vrac-remploi-que-faire-de-mes-objets/
/test,/tests/test-partage/,483,
/test-cma,/tests/test-cma/,483,
/test-partage,/tests/test-partage/,483,
/test-preprod,/tests/test-assistant-preprod/,483,
/test-v%C3%AAtements,/tests/test-vetements/,483,
/tests/galette,/stats/galette/,433,https://quefairedemesdechets.ademe.fr/qui-sommes-nous/suivi-usage-et-impact/
/tests/op%C3%A9rations-galette,/stats/galette/,433,https://quefairedemesdechets.ademe.fr/qui-sommes-nous/suivi-usage-et-impact/
/tests/test-cma,/tests/test-cma/,483,
/tests/test-preprod,/tests/test-assistant-preprod/,483,
/tests/test-prod,/tests/test-assistant-prod/,483,